unit	file	week	day	theme	block_index	read_level	type	title	author	dynasty	text_chars	has_annotation	has_translation	has_task	has_answer	score	issues
1	3年级下册1单元.txt	1	1	春天的小精灵	1	精读	textbook_review	燕子（节选一）	郑振铎		112	1	0	1	1	100	
1	3年级下册1单元.txt	1	1	春天的小精灵	2	泛读	modern_prose	春天的色彩（选读）	金波		58	1	0	1	1	100	
1	3年级下册1单元.txt	1	1	春天的小精灵	3	泛读	ancient_poem	绝句	杜甫	唐	24	1	1	1	1	95	疑似重复(3)
1	3年级下册1单元.txt	1	1	春天的小精灵	4	精读	daily_accumulation	日积月累			120	0	0	1	1	100	
1	3年级下册1单元.txt	1	2	池塘里的故事	1	精读	textbook_review	荷花（节选一）	叶圣陶		99	1	0	1	1	100	
1	3年级下册1单元.txt	1	2	池塘里的故事	2	泛读	story_legend	小青蛙学唱歌	严文井		44	1	0	1	1	92	内容偏短
1	3年级下册1单元.txt	1	2	池塘里的故事	3	泛读	classic_recitation	弟子规（节选）			16	1	1	1	1	85	疑似重复(2);缺作者;缺朝代
1	3年级下册1单元.txt	1	2	池塘里的故事	4	精读	daily_accumulation	日积月累			105	0	0	1	1	100	
1	3年级下册1单元.txt	1	3	春天的声音	1	精读	modern_prose	花儿在想什么（选读）	冰心		55	1	0	1	1	100	
1	3年级下册1单元.txt	1	3	春天的声音	2	泛读	children_poem	春天的电话	金子美铃		39	1	0	1	1	92	内容偏短
1	3年级下册1单元.txt	1	3	春天的声音	3	泛读	classical_chinese	司马光（节选）	刘义庆	南朝	37	1	1	1	1	95	疑似重复(2)
1	3年级下册1单元.txt	1	3	春天的声音	4	精读	daily_accumulation	日积月累			93	0	0	1	1	100	
1	3年级下册1单元.txt	1	4	江边的风景	1	精读	textbook_review	惠崇春江晚景	苏轼	宋	32	1	1	1	1	92	内容偏短
1	3年级下册1单元.txt	1	4	江边的风景	2	泛读	modern_prose	小水珠的旅行	严文井		46	1	0	1	1	100	
1	3年级下册1单元.txt	1	4	江边的风景	3	泛读	story_legend	龟兔赛跑	伊索		53	1	0	1	1	100	
1	3年级下册1单元.txt	1	4	江边的风景	4	精读	daily_accumulation	日积月累			92	0	0	1	1	100	
1	3年级下册1单元.txt	1	5	古诗里的色彩	1	精读	textbook_review	三衢道中	曾几	宋	32	1	1	1	1	92	内容偏短
1	3年级下册1单元.txt	1	5	古诗里的色彩	2	泛读	ancient_poem	咏柳	贺知章	唐	32	1	1	1	1	95	疑似重复(5)
1	3年级下册1单元.txt	1	5	古诗里的色彩	3	泛读	classic_recitation	弟子规（节选）			16	1	1	1	1	90	缺作者;缺朝代
1	3年级下册1单元.txt	1	5	古诗里的色彩	4	精读	daily_accumulation	日积月累			81	0	0	1	1	100	
1	3年级下册1单元.txt	1	6	昆虫的小世界	1	精读	modern_prose	昆虫备忘录（选段）	汪曾祺		87	1	0	1	1	100	
1	3年级下册1单元.txt	1	6	昆虫的小世界	2	泛读	story_legend	小壁虎借尾巴			40	1	0	1	1	86	内容偏短;缺作者
1	3年级下册1单元.txt	1	6	昆虫的小世界	3	泛读	children_poem	花和蝴蝶	泰戈尔		29	1	0	1	1	92	内容偏短
1	3年级下册1单元.txt	1	6	昆虫的小世界	4	精读	daily_accumulation	日积月累			72	0	0	1	1	100	
1	3年级下册1单元.txt	2	1	燕子的聚会	1	精读	textbook_review	燕子（节选二）	郑振铎		104	1	0	1	1	100	
1	3年级下册1单元.txt	2	1	燕子的聚会	2	泛读	modern_prose	小燕子寄信	张天翼		41	1	0	1	1	92	内容偏短
1	3年级下册1单元.txt	2	1	燕子的聚会	3	泛读	classical_chinese	孔融让梨（节选）			16	1	1	1	1	90	缺作者;缺朝代
1	3年级下册1单元.txt	2	1	燕子的聚会	4	精读	daily_accumulation	日积月累			89	0	0	1	1	100	
1	3年级下册1单元.txt	2	2	变身荷花	1	精读	textbook_review	荷花（节选二）	叶圣陶		107	1	0	1	1	100	
1	3年级下册1单元.txt	2	2	变身荷花	2	泛读	story_legend	小蝌蚪找妈妈（节选）			39	1	0	1	1	86	内容偏短;缺作者
1	3年级下册1单元.txt	2	2	变身荷花	3	泛读	ancient_poem	春晓	孟浩然	唐	24	1	1	1	1	100	
1	3年级下册1单元.txt	2	2	变身荷花	4	精读	daily_accumulation	日积月累			96	0	0	1	1	100	
1	3年级下册1单元.txt	2	3	有趣的发现	1	精读	modern_prose	蜜蜂（选段）	法布尔		37	1	0	1	1	92	内容偏短
1	3年级下册1单元.txt	2	3	有趣的发现	2	泛读	textbook_review	燕子（节选三）	郑振铎		98	1	0	1	1	100	
1	3年级下册1单元.txt	2	3	有趣的发现	3	泛读	classic_recitation	弟子规（节选）			16	1	1	1	1	90	缺作者;缺朝代
1	3年级下册1单元.txt	2	3	有趣的发现	4	精读	daily_accumulation	日积月累			109	0	0	1	1	100	
1	3年级下册1单元.txt	2	4	森林里的舞会	1	精读	modern_prose	小鹿的影子			50	1	0	1	1	94	缺作者
1	3年级下册1单元.txt	2	4	森林里的舞会	2	泛读	story_legend	美丽的公鸡			39	1	0	1	1	86	内容偏短;缺作者
1	3年级下册1单元.txt	2	4	森林里的舞会	3	泛读	children_poem	春天	金子美铃		29	1	0	1	1	92	内容偏短
1	3年级下册1单元.txt	2	4	森林里的舞会	4	精读	daily_accumulation	日积月累			103	0	0	1	1	100	
1	3年级下册1单元.txt	2	5	昆虫的翅膀	1	精读	textbook_review	昆虫备忘录（选段二）	汪曾祺		90	1	0	1	1	100	
1	3年级下册1单元.txt	2	5	昆虫的翅膀	2	泛读	modern_prose	春雨的色彩			42	1	0	1	1	86	内容偏短;缺作者
1	3年级下册1单元.txt	2	5	昆虫的翅膀	3	泛读	classical_chinese	守株待兔（节选）	韩非子	先秦	47	1	1	1	1	100	
1	3年级下册1单元.txt	2	5	昆虫的翅膀	4	精读	daily_accumulation	日积月累			81	0	0	1	1	100	
1	3年级下册1单元.txt	2	6	春天的赞歌	1	精读	textbook_review	燕子（节选四）	郑振铎		42	1	0	1	1	92	内容偏短
1	3年级下册1单元.txt	2	6	春天的赞歌	2	泛读	modern_prose	春天的森林			43	1	0	1	1	86	内容偏短;缺作者
1	3年级下册1单元.txt	2	6	春天的赞歌	3	泛读	ancient_poem	咏鹅	骆宾王	唐	24	1	1	1	1	100	
1	3年级下册1单元.txt	2	6	春天的赞歌	4	精读	daily_accumulation	日积月累			85	0	0	1	1	100	
2	3年级下册2单元.txt	3	1	等待的兔子	1	精读	textbook_review	守株待兔（课本复习）	韩非	先秦	47	1	1	1	1	100	
2	3年级下册2单元.txt	3	1	等待的兔子	2	泛读	modern_prose	花钟（现代美文）	选自课文	现代	84	1	1	1	1	100	
2	3年级下册2单元.txt	3	1	等待的兔子	3	泛读	ancient_poem	绝句（古诗词）	杜甫	唐	24	1	1	1	1	95	疑似重复(2)
2	3年级下册2单元.txt	3	1	等待的兔子	4	精读	daily_accumulation	日积月累			139	0	0	1	1	100	
2	3年级下册2单元.txt	3	2	坚强的陶罐	1	精读	textbook_review	陶罐和铁罐（节选，课本复习）	黄瑞云	现代	67	1	1	1	1	100	
2	3年级下册2单元.txt	3	2	坚强的陶罐	2	泛读	story_legend	龟兔赛跑（寓言故事）	伊索	古希腊	65	1	1	1	1	100	
2	3年级下册2单元.txt	3	2	坚强的陶罐	3	泛读	classic_recitation	弟子规（节选，日常礼仪）	李毓秀	清	16	1	1	1	1	100	
2	3年级下册2单元.txt	3	2	坚强的陶罐	4	精读	daily_accumulation	日积月累			113	0	0	1	1	100	
2	3年级下册2单元.txt	3	3	美丽的鹿角	1	精读	modern_prose	雪（现代美文）	金波	现代	57	1	1	1	1	100	
2	3年级下册2单元.txt	3	3	美丽的鹿角	2	泛读	children_poem	种莲花（童谣）	金子美铃	现代	24	1	1	1	1	85	内容过短
2	3年级下册2单元.txt	3	3	美丽的鹿角	3	泛读	classical_chinese	司马光（小古文）	选自宋史	元	33	1	1	1	1	100	
2	3年级下册2单元.txt	3	3	美丽的鹿角	4	精读	daily_accumulation	日积月累			116	0	0	1	1	100	
2	3年级下册2单元.txt	3	4	池子里的秘密	1	精读	textbook_review	鹿角和鹿腿（节选，课本复习）	伊索	现代翻译	105	1	1	1	1	100	
2	3年级下册2单元.txt	3	4	池子里的秘密	2	泛读	story_legend	小蝌蚪找妈妈（童话）	方惠珍	现代	52	1	0	1	1	100	
2	3年级下册2单元.txt	3	4	池子里的秘密	3	泛读	modern_prose	寄小读者（节选，现代美文）	冰心	现代	37	1	0	1	1	92	内容偏短
2	3年级下册2单元.txt	3	4	池子里的秘密	4	精读	daily_accumulation	日积月累			89	0	0	1	1	100	
2	3年级下册2单元.txt	3	5	快乐园地	1	精读	textbook_review	池子与河流（节选，课本复习）	克雷洛夫	现代翻译	75	1	1	1	1	100	
2	3年级下册2单元.txt	3	5	快乐园地	2	泛读	ancient_poem	江畔独步寻花（古诗词）	杜甫	唐	32	1	1	1	1	100	
2	3年级下册2单元.txt	3	5	快乐园地	3	泛读	classic_recitation	弟子规（节选，整洁）	李毓秀	清	16	1	1	1	1	100	
2	3年级下册2单元.txt	3	5	快乐园地	4	精读	daily_accumulation	日积月累			77	0	0	1	1	100	
2	3年级下册2单元.txt	3	6	智慧小寓言	1	精读	modern_prose	寄小读者（节选二，现代美文）	冰心	现代	40	1	1	1	1	92	内容偏短
2	3年级下册2单元.txt	3	6	智慧小寓言	2	泛读	story_legend	狐狸和蝉（寓言故事）	伊索	古希腊	50	1	0	1	1	100	
2	3年级下册2单元.txt	3	6	智慧小寓言	3	泛读	children_poem	小雨点（童诗）	金子美铃	现代	20	1	1	1	1	85	内容过短
2	3年级下册2单元.txt	3	6	智慧小寓言	4	精读	daily_accumulation	日积月累			68	0	0	1	1	100	
2	3年级下册2单元.txt	4	1	大自然的脚步	1	精读	textbook_review	守株待兔（课本复习）	韩非	先秦	21	1	0	1	1	85	内容过短
2	3年级下册2单元.txt	4	1	大自然的脚步	2	泛读	modern_prose	草（现代美文）	严文井	现代	39	1	0	1	1	92	内容偏短
2	3年级下册2单元.txt	4	1	大自然的脚步	3	泛读	classical_chinese	铁杵磨成针（小古文）	郑之珍	明	38	1	1	1	1	100	
2	3年级下册2单元.txt	4	1	大自然的脚步	4	精读	daily_accumulation	日积月累			147	0	0	1	1	100	
2	3年级下册2单元.txt	4	2	罐子的对话	1	精读	textbook_review	陶罐和铁罐（课本复习）	黄瑞云	现代	32	1	0	1	1	92	内容偏短
2	3年级下册2单元.txt	4	2	罐子的对话	2	泛读	story_legend	狼和小羊（寓言）	伊索	古希腊	49	1	0	1	1	100	
2	3年级下册2单元.txt	4	2	罐子的对话	3	泛读	ancient_poem	咏鹅（古诗词）	骆宾王	唐	22	1	1	1	1	100	
2	3年级下册2单元.txt	4	2	罐子的对话	4	精读	daily_accumulation	日积月累			81	0	0	1	1	100	
2	3年级下册2单元.txt	4	3	河流的歌声	1	精读	textbook_review	池子与河流（节选，课本复习）	克雷洛夫	现代翻译	29	1	0	1	1	92	内容偏短
2	3年级下册2单元.txt	4	3	河流的歌声	2	泛读	modern_prose	繁星（节选，现代美文）	冰心	现代	20	1	0	1	1	85	内容过短
2	3年级下册2单元.txt	4	3	河流的歌声	3	泛读	classic_recitation	弟子规（节选，待人）	李毓秀	清	8	1	1	1	1	97	内容偏短
2	3年级下册2单元.txt	4	3	河流的歌声	4	精读	daily_accumulation	日积月累			113	0	0	1	1	100	
2	3年级下册2单元.txt	4	4	森林里的童话	1	精读	modern_prose	寄小读者（节选三，现代美文）	冰心	现代	26	1	0	1	1	92	内容偏短
2	3年级下册2单元.txt	4	4	森林里的童话	2	泛读	story_legend	乌鸦喝水（寓言）	伊索	古希腊	43	1	0	1	1	92	内容偏短
2	3年级下册2单元.txt	4	4	森林里的童话	3	泛读	children_poem	下雨了（童诗）	金子美铃	现代	18	0	0	1	1	75	内容过短;缺注释
2	3年级下册2单元.txt	4	4	森林里的童话	4	精读	daily_accumulation	日积月累			106	0	0	1	1	100	
2	3年级下册2单元.txt	4	5	古代的智慧	1	精读	textbook_review	鹿角和鹿腿（节选，课本复习）	伊索	现代翻译	37	1	0	1	1	92	内容偏短
2	3年级下册2单元.txt	4	5	古代的智慧	2	泛读	modern_prose	荷花（现代美文）	叶圣陶	现代	34	1	0	1	1	92	内容偏短
2	3年级下册2单元.txt	4	5	古代的智慧	3	泛读	classical_chinese	揠苗助长（小古文）	孟子	先秦	37	1	1	1	1	100	
2	3年级下册2单元.txt	4	5	古代的智慧	4	精读	daily_accumulation	日积月累			77	0	0	1	1	100	
2	3年级下册2单元.txt	4	6	单元大复习	1	精读	textbook_review	守株待兔（课本复习）	韩非	先秦	13	0	0	1	1	75	内容过短;缺注释
2	3年级下册2单元.txt	4	6	单元大复习	2	泛读	modern_prose	寄小读者（节选四，现代美文）	冰心	现代	30	0	0	1	1	82	内容偏短;缺注释
2	3年级下册2单元.txt	4	6	单元大复习	3	泛读	ancient_poem	晓出净慈寺送林子方（古诗词）	杨万里	宋	32	1	1	1	1	100	
2	3年级下册2单元.txt	4	6	单元大复习	4	精读	daily_accumulation	日积月累			83	0	0	1	1	100	
3	3年级下册3单元.txt	5	1	爆竹声中一岁除	1	精读	textbook_review	元日（课本复习）	王安石	宋	32	1	1	1	1	92	内容偏短
3	3年级下册3单元.txt	5	1	爆竹声中一岁除	2	泛读	modern_prose	春的消息（现代美文）	金波	现代	99	1	1	1	1	100	
3	3年级下册3单元.txt	5	1	爆竹声中一岁除	3	泛读	ancient_poem	绝句（古诗词）	杜甫	唐	24	1	1	1	1	95	疑似重复(2)
3	3年级下册3单元.txt	5	1	爆竹声中一岁除	4	精读	daily_accumulation	日积月累			92	0	0	1	1	100	
3	3年级下册3单元.txt	5	2	智慧的结晶	1	精读	textbook_review	赵州桥（节选，课本复习）	茅以升	现代	108	1	1	1	1	100	
3	3年级下册3单元.txt	5	2	智慧的结晶	2	泛读	story_legend	刻舟求剑（寓言）	吕不韦	战国	108	1	1	1	1	100	
3	3年级下册3单元.txt	5	2	智慧的结晶	3	泛读	classics	弟子规（节选，国学经典）	李毓秀	清	32	1	1	1	1	92	内容偏短
3	3年级下册3单元.txt	5	2	智慧的结晶	4	精读	daily_accumulation	日积月累			116	0	0	1	1	100	
3	3年级下册3单元.txt	5	3	文明的足迹	1	精读	modern_prose	寄小读者（美文选段）	冰心	现代	95	1	1	1	1	100	
3	3年级下册3单元.txt	5	3	文明的足迹	2	泛读	children_poem	云彩儿（童诗）	金子美铃	现代	37	1	1	1	1	92	内容偏短
3	3年级下册3单元.txt	5	3	文明的足迹	3	泛读	classical_chinese	司马光（小古文）	根据《宋史》整理	宋	37	1	1	1	1	100	
3	3年级下册3单元.txt	5	3	文明的足迹	4	精读	daily_accumulation	日积月累			105	0	0	1	1	100	
3	3年级下册3单元.txt	5	4	古人的妙想	1	精读	textbook_review	纸的发明（节选，课本复习）	根据史料整理	现代	110	1	1	1	1	100	
3	3年级下册3单元.txt	5	4	古人的妙想	2	泛读	modern_prose	夏夜（美文选段）	严文井	现代	72	1	1	1	1	100	
3	3年级下册3单元.txt	5	4	古人的妙想	3	泛读	story_legend	狐假虎威（寓言）	刘向（编）	汉	89	1	1	1	1	100	
3	3年级下册3单元.txt	5	4	古人的妙想	4	精读	daily_accumulation	日积月累			91	0	0	1	1	100	
3	3年级下册3单元.txt	5	5	清明时节雨纷纷	1	精读	textbook_review	清明（课本复习）	杜牧	唐	32	1	1	1	1	92	内容偏短
3	3年级下册3单元.txt	5	5	清明时节雨纷纷	2	泛读	ancient_poem	九月九日忆山东兄弟（古诗词）	王维	唐	32	1	1	1	1	100	
3	3年级下册3单元.txt	5	5	清明时节雨纷纷	3	泛读	classics	弟子规（节选，国学经典）	李毓秀	清	32	1	1	1	1	92	内容偏短
3	3年级下册3单元.txt	5	5	清明时节雨纷纷	4	精读	daily_accumulation	日积月累			73	0	0	1	1	100	
3	3年级下册3单元.txt	5	6	古桥的秘密	1	精读	modern_prose	家乡的小桥（美文选段）	金波	现代	89	1	1	1	1	100	
3	3年级下册3单元.txt	5	6	古桥的秘密	2	泛读	story_legend	丑小鸭（节选，童话）	安徒生	现代	92	1	1	1	1	100	
3	3年级下册3单元.txt	5	6	古桥的秘密	3	泛读	children_poem	风的孩子（童诗）	泰戈尔	现代	46	1	1	1	1	100	
3	3年级下册3单元.txt	5	6	古桥的秘密	4	精读	daily_accumulation	日积月累			72	0	0	1	1	100	
3	3年级下册3单元.txt	6	1	古画里的秘密	1	精读	textbook_review	一幅名扬中外的画（节选，课本复习）	根据史料整理	现代	104	1	1	1	1	100	
3	3年级下册3单元.txt	6	1	古画里的秘密	2	泛读	modern_prose	清明上河图（美文感悟）	张天翼	现代	93	1	1	1	1	100	
3	3年级下册3单元.txt	6	1	古画里的秘密	3	泛读	classical_chinese	书圣王羲之（小古文）	根据《晋书》整理	晋	27	1	1	1	1	100	
3	3年级下册3单元.txt	6	1	古画里的秘密	4	精读	daily_accumulation	日积月累			100	0	0	1	1	100	
3	3年级下册3单元.txt	6	2	快乐的传统节日	1	精读	textbook_review	综合性学习：传统节日（课本复习）	教育部编写组	现代	91	1	1	1	1	100	
3	3年级下册3单元.txt	6	2	快乐的传统节日	2	泛读	story_legend	粽子里的爱（童话）	严文井	现代	91	1	1	1	1	100	
3	3年级下册3单元.txt	6	2	快乐的传统节日	3	泛读	ancient_poem	乞巧（古诗词）	林杰	唐	32	1	1	1	1	100	
3	3年级下册3单元.txt	6	2	快乐的传统节日	4	精读	daily_accumulation	日积月累			139	0	0	1	1	100	
3	3年级下册3单元.txt	6	3	大自然的四季	1	精读	modern_prose	花钟（美文选段）	根据自然常识整理	现代	80	1	1	1	1	100	
3	3年级下册3单元.txt	6	3	大自然的四季	2	泛读	textbook_review	火烧云（课本复习）	萧红	现代	74	1	1	1	1	100	
3	3年级下册3单元.txt	6	3	大自然的四季	3	泛读	classics	弟子规（节选，国学经典）	李毓秀	清	32	1	1	1	1	92	内容偏短
3	3年级下册3单元.txt	6	3	大自然的四季	4	精读	daily_accumulation	日积月累			115	0	0	1	1	100	
3	3年级下册3单元.txt	6	4	有趣的动物朋友	1	精读	modern_prose	翠鸟（美文选段）	菁莽	现代	82	1	1	1	1	100	
3	3年级下册3单元.txt	6	4	有趣的动物朋友	2	泛读	story_legend	龟兔赛跑（寓言）	伊索	古希腊	66	1	1	1	1	100	
3	3年级下册3单元.txt	6	4	有趣的动物朋友	3	泛读	children_poem	池上（童诗）	白居易	唐	24	1	1	1	1	85	内容过短
3	3年级下册3单元.txt	6	4	有趣的动物朋友	4	精读	daily_accumulation	日积月累			119	0	0	1	1	100	
3	3年级下册3单元.txt	6	5	神奇的智慧	1	精读	textbook_review	赵州桥（节选，课本复习）	茅以升	现代	87	1	1	1	1	100	
3	3年级下册3单元.txt	6	5	神奇的智慧	2	泛读	modern_prose	祖先的摇篮（美文选段）	金波	现代	87	1	1	1	1	100	
3	3年级下册3单元.txt	6	5	神奇的智慧	3	泛读	classical_chinese	文彦博取球（小古文）	根据《宋史》整理	宋	36	1	1	1	1	100	
3	3年级下册3单元.txt	6	5	神奇的智慧	4	精读	daily_accumulation	日积月累			82	0	0	1	1	100	
3	3年级下册3单元.txt	6	6	走近非遗文化	1	精读	textbook_review	纸的发明（节选，课本复习）	根据史料整理	现代	67	1	1	1	1	100	
3	3年级下册3单元.txt	6	6	走近非遗文化	2	泛读	modern_prose	剪纸艺术（美文感悟）	金波	现代	76	1	1	1	1	100	
3	3年级下册3单元.txt	6	6	走近非遗文化	3	泛读	ancient_poem	元日（古诗词）	王安石	宋	32	1	1	1	1	100	
3	3年级下册3单元.txt	6	6	走近非遗文化	4	精读	daily_accumulation	日积月累			77	0	0	1	1	100	
4	3年级下册4单元.txt	7	1	大自然的闹钟	1	精读	textbook_review	花钟（选段）	课文		88	1	0	1	1	100	
4	3年级下册4单元.txt	7	1	大自然的闹钟	2	泛读	modern_prose	花（节选）	金波		54	1	1	1	1	100	
4	3年级下册4单元.txt	7	1	大自然的闹钟	3	泛读	ancient_poem	绝句	杜甫	唐	24	1	1	1	1	95	疑似重复(3)
4	3年级下册4单元.txt	7	1	大自然的闹钟	4	精读	daily_accumulation	日积月累			156	0	0	1	1	100	
4	3年级下册4单元.txt	7	2	小蜜蜂的秘密	1	精读	textbook_review	蜜蜂（选段）	法布尔		88	1	0	1	1	100	
4	3年级下册4单元.txt	7	2	小蜜蜂的秘密	2	泛读	story_legend	小蜜蜂（选读）	严文井		58	1	1	1	1	100	
4	3年级下册4单元.txt	7	2	小蜜蜂的秘密	3	泛读	classics	弟子规（节选）			16	1	1	1	1	74	内容过短;疑似重复(3);缺作者
4	3年级下册4单元.txt	7	2	小蜜蜂的秘密	4	精读	daily_accumulation	日积月累			109	0	0	1	1	100	
4	3年级下册4单元.txt	7	3	有趣的小虾	1	精读	modern_prose	寄小读者（节选）	冰心		54	1	1	1	1	100	
4	3年级下册4单元.txt	7	3	有趣的小虾	2	泛读	children_poem	小虾（节选）			30	1	1	1	1	86	内容偏短;缺作者
4	3年级下册4单元.txt	7	3	有趣的小虾	3	泛读	classical_chinese	司马光（节选）	毕仲旬	宋	17	1	1	1	1	100	
4	3年级下册4单元.txt	7	3	有趣的小虾	4	精读	daily_accumulation	日积月累			94	0	0	1	1	100	
4	3年级下册4单元.txt	7	4	我是小科学家	1	精读	textbook_review	我做了一项小实验（范文）			92	1	0	1	1	94	缺作者
4	3年级下册4单元.txt	7	4	我是小科学家	2	泛读	modern_prose	大自然的语言（节选）	戴巴棣		56	1	1	1	1	100	
4	3年级下册4单元.txt	7	4	我是小科学家	3	泛读	story_legend	乌鸦喝水	伊索		39	1	1	1	1	92	内容偏短
4	3年级下册4单元.txt	7	4	我是小科学家	4	精读	daily_accumulation	日积月累			98	0	0	1	1	100	
4	3年级下册4单元.txt	7	5	春天的观察	1	精读	textbook_review	花钟（选段二）			44	1	0	1	1	86	内容偏短;缺作者
4	3年级下册4单元.txt	7	5	春天的观察	2	泛读	ancient_poem	咏柳	贺知章	唐	32	1	1	1	1	95	疑似重复(5)
4	3年级下册4单元.txt	7	5	春天的观察	3	泛读	classics	弟子规（节选二）			16	1	1	1	1	79	内容过短;缺作者
4	3年级下册4单元.txt	7	5	春天的观察	4	精读	daily_accumulation	日积月累			81	0	0	1	1	100	
4	3年级下册4单元.txt	7	6	快乐的森林	1	精读	modern_prose	春的消息（节选）	金波		41	1	1	1	1	92	内容偏短
4	3年级下册4单元.txt	7	6	快乐的森林	2	泛读	story_legend	小猴子下山（节选）			45	1	1	1	1	94	缺作者
4	3年级下册4单元.txt	7	6	快乐的森林	3	泛读	children_poem	云朵（童诗）			29	1	1	1	1	86	内容偏短;缺作者
4	3年级下册4单元.txt	7	6	快乐的森林	4	精读	daily_accumulation	日积月累			78	0	0	1	1	100	
4	3年级下册4单元.txt	8	1	花儿的钟表	1	精读	textbook_review	花钟（选段）			74	1	0	1	1	94	缺作者
4	3年级下册4单元.txt	8	1	花儿的钟表	2	泛读	modern_prose	丁香花（节选）	张天翼		54	1	1	1	1	100	
4	3年级下册4单元.txt	8	1	花儿的钟表	3	泛读	classical_chinese	自相矛盾（节选）	韩非子	先秦	24	1	1	1	1	100	
4	3年级下册4单元.txt	8	1	花儿的钟表	4	精读	daily_accumulation	日积月累			142	0	0	1	1	100	
4	3年级下册4单元.txt	8	2	蜜蜂回家了	1	精读	textbook_review	蜜蜂（选段二）			54	1	0	1	1	94	缺作者
4	3年级下册4单元.txt	8	2	蜜蜂回家了	2	泛读	story_legend	渔童（节选）			56	1	1	1	1	94	缺作者
4	3年级下册4单元.txt	8	2	蜜蜂回家了	3	泛读	ancient_poem	小池	杨万里	宋	32	1	1	1	1	95	疑似重复(4)
4	3年级下册4单元.txt	8	2	蜜蜂回家了	4	精读	daily_accumulation	日积月累			103	0	0	1	1	100	
4	3年级下册4单元.txt	8	3	观察的乐趣	1	精读	modern_prose	昆虫记（序言选段）	法布尔		51	1	1	1	1	100	
4	3年级下册4单元.txt	8	3	观察的乐趣	2	泛读	textbook_review	小虾（选段二）			46	1	0	1	1	94	缺作者
4	3年级下册4单元.txt	8	3	观察的乐趣	3	泛读	classics	弟子规（节选三）			16	1	1	1	1	79	内容过短;缺作者
4	3年级下册4单元.txt	8	3	观察的乐趣	4	精读	daily_accumulation	日积月累			120	0	0	1	1	100	
4	3年级下册4单元.txt	8	4	梦幻般的童话	1	精读	modern_prose	荷花（节选）	叶圣陶		56	1	1	1	1	100	
4	3年级下册4单元.txt	8	4	梦幻般的童话	2	泛读	story_legend	丑小鸭（节选）	安徒生		52	1	1	1	1	100	
4	3年级下册4单元.txt	8	4	梦幻般的童话	3	泛读	children_poem	风（童诗）	叶圣陶		38	1	1	1	1	92	内容偏短
4	3年级下册4单元.txt	8	4	梦幻般的童话	4	精读	daily_accumulation	日积月累			100	0	0	1	1	100	
4	3年级下册4单元.txt	8	5	仔细观察的小眼睛	1	精读	textbook_review	花钟（选段三）			43	1	0	1	1	86	内容偏短;缺作者
4	3年级下册4单元.txt	8	5	仔细观察的小眼睛	2	泛读	modern_prose	大地的眼睛（节选）			43	1	1	1	1	86	内容偏短;缺作者
4	3年级下册4单元.txt	8	5	仔细观察的小眼睛	3	泛读	classical_chinese	揠苗助长（节选）	孟子	先秦	19	1	1	1	1	100	
4	3年级下册4单元.txt	8	5	仔细观察的小眼睛	4	精读	daily_accumulation	日积月累			114	0	0	1	1	100	
4	3年级下册4单元.txt	8	6	自然的画卷	1	精读	modern_prose	小草（节选）			46	1	0	1	1	94	缺作者
4	3年级下册4单元.txt	8	6	自然的画卷	2	泛读	modern_prose	美丽的早晨（节选）	冰心		39	1	1	1	1	92	内容偏短
4	3年级下册4单元.txt	8	6	自然的画卷	3	泛读	ancient_poem	春雨	周邦彦	宋	16	1	1	1	1	100	
4	3年级下册4单元.txt	8	6	自然的画卷	4	精读	daily_accumulation	日积月累			101	0	0	1	1	100	
5	3年级下册5单元.txt	9	1	倒影里的奇幻世界	1	精读	textbook_review	宇宙的另一边（节选）	陈诗哥	现代	76	1	0	1	1	100	
5	3年级下册5单元.txt	9	1	倒影里的奇幻世界	2	泛读	modern_prose	花儿在想什么	金波	现代	50	1	0	1	1	100	
5	3年级下册5单元.txt	9	1	倒影里的奇幻世界	3	泛读	ancient_poem	咏柳	贺知章	唐	32	1	1	1	1	95	疑似重复(5)
5	3年级下册5单元.txt	9	1	倒影里的奇幻世界	4	精读	daily_accumulation	日积月累			127	0	0	1	1	100	
5	3年级下册5单元.txt	9	2	奇妙的变化工厂	1	精读	textbook_review	我变成了一棵树（节选）	顾鹰	现代	61	1	0	1	1	100	
5	3年级下册5单元.txt	9	2	奇妙的变化工厂	2	泛读	story_legend	狮子和鹿（节选）	伊索	古希腊	69	1	0	1	1	100	
5	3年级下册5单元.txt	9	2	奇妙的变化工厂	3	泛读	classics	弟子规（节选）	李毓秀	清	16	1	1	1	1	80	内容过短;疑似重复(2)
5	3年级下册5单元.txt	9	2	奇妙的变化工厂	4	精读	daily_accumulation	日积月累			106	0	0	1	1	100	
5	3年级下册5单元.txt	9	3	梦幻的种子在发芽	1	精读	modern_prose	寄小读者（节选）	冰心	现代	54	1	0	1	1	100	
5	3年级下册5单元.txt	9	3	梦幻的种子在发芽	2	泛读	children_poem	梦的颜色	金子美铃	近代	37	1	0	1	1	92	内容偏短
5	3年级下册5单元.txt	9	3	梦幻的种子在发芽	3	泛读	classical_chinese	司马光（节选）	元修等	元	37	1	1	1	1	95	疑似重复(2)
5	3年级下册5单元.txt	9	3	梦幻的种子在发芽	4	精读	daily_accumulation	日积月累			112	0	0	1	1	100	
5	3年级下册5单元.txt	9	4	铅笔的梦境大冒险	1	精读	textbook_review	一支铅笔的梦想（节选）	张晓楠	现代	47	1	0	1	1	100	
5	3年级下册5单元.txt	9	4	铅笔的梦境大冒险	2	泛读	modern_prose	寄小读者（节选二）	冰心	现代	45	1	0	1	1	100	
5	3年级下册5单元.txt	9	4	铅笔的梦境大冒险	3	泛读	story_legend	龟兔赛跑	伊索	古希腊	48	1	0	1	1	100	
5	3年级下册5单元.txt	9	4	铅笔的梦境大冒险	4	精读	daily_accumulation	日积月累			94	0	0	1	1	100	
5	3年级下册5单元.txt	9	5	懂礼貌的小神仙	1	精读	textbook_review	尾巴它有一只猫（节选）	陈沛慈	现代	59	1	0	1	1	100	
5	3年级下册5单元.txt	9	5	懂礼貌的小神仙	2	泛读	ancient_poem	小池	杨万里	宋	32	1	1	1	1	95	疑似重复(4)
5	3年级下册5单元.txt	9	5	懂礼貌的小神仙	3	泛读	classics	弟子规（节选二）	李毓秀	清	16	1	1	1	1	85	内容过短
5	3年级下册5单元.txt	9	5	懂礼貌的小神仙	4	精读	daily_accumulation	日积月累			80	0	0	1	1	100	
5	3年级下册5单元.txt	9	6	森林里的悄悄话	1	精读	modern_prose	一只蜗牛想去哪儿	严文井	现代	44	1	0	1	1	92	内容偏短
5	3年级下册5单元.txt	9	6	森林里的悄悄话	2	泛读	story_legend	渔夫和金鱼的故事（节选）	普希金	俄国	55	1	0	1	1	100	
5	3年级下册5单元.txt	9	6	森林里的悄悄话	3	泛读	children_poem	云的衣裳	林焕彰	现代	18	1	0	1	1	85	内容过短
5	3年级下册5单元.txt	9	6	森林里的悄悄话	4	精读	daily_accumulation	日积月累			67	0	0	1	1	100	
5	3年级下册5单元.txt	10	1	宇宙另一边的课堂	1	精读	textbook_review	宇宙的另一边（节选）	陈诗哥	现代	60	1	0	1	1	100	
5	3年级下册5单元.txt	10	1	宇宙另一边的课堂	2	泛读	modern_prose	大自然的语言（节选）	戴巴棣	现代	40	1	0	1	1	92	内容偏短
5	3年级下册5单元.txt	10	1	宇宙另一边的课堂	3	泛读	classical_chinese	王戎不取道旁李（节选）	刘义庆	南朝宋	34	1	1	1	1	100	
5	3年级下册5单元.txt	10	1	宇宙另一边的课堂	4	精读	daily_accumulation	日积月累			117	0	0	1	1	100	
5	3年级下册5单元.txt	10	2	变成大树后的故事	1	精读	textbook_review	我变成了一棵树（节选）	顾鹰	现代	47	1	0	1	1	100	
5	3年级下册5单元.txt	10	2	变成大树后的故事	2	泛读	story_legend	小壁虎借尾巴（节选）	民间故事	现代	53	1	0	1	1	100	
5	3年级下册5单元.txt	10	2	变成大树后的故事	3	泛读	ancient_poem	绝句	杜甫	唐	32	1	1	1	1	100	
5	3年级下册5单元.txt	10	2	变成大树后的故事	4	精读	daily_accumulation	日积月累			108	0	0	1	1	100	
5	3年级下册5单元.txt	10	3	梦的色彩游戏	1	精读	modern_prose	我的色彩梦	张天翼	现代	45	1	0	1	1	100	
5	3年级下册5单元.txt	10	3	梦的色彩游戏	2	泛读	textbook_review	我变成了一棵树（节选二）	顾鹰	现代	50	1	0	1	1	100	
5	3年级下册5单元.txt	10	3	梦的色彩游戏	3	泛读	classics	弟子规（节选三）	李毓秀	清	16	1	1	1	1	85	内容过短
5	3年级下册5单元.txt	10	3	梦的色彩游戏	4	精读	daily_accumulation	日积月累			93	0	0	1	1	100	
5	3年级下册5单元.txt	10	4	尾巴和猫的派对	1	精读	textbook_review	尾巴它有一只猫（节选二）	陈沛慈	现代	45	1	0	1	1	100	
5	3年级下册5单元.txt	10	4	尾巴和猫的派对	2	泛读	story_legend	狐狸和乌鸦	伊索	古希腊	46	1	0	1	1	100	
5	3年级下册5单元.txt	10	4	尾巴和猫的派对	3	泛读	children_poem	下雨了	金子美铃	近代	25	1	0	1	1	92	内容偏短
5	3年级下册5单元.txt	10	4	尾巴和猫的派对	4	精读	daily_accumulation	日积月累			113	0	0	1	1	100	
5	3年级下册5单元.txt	10	5	铅笔的彩虹梦	1	精读	textbook_review	一支铅笔的梦想（节选二）	张晓楠	现代	42	1	0	1	1	92	内容偏短
5	3年级下册5单元.txt	10	5	铅笔的彩虹梦	2	泛读	modern_prose	春天在哪里	金波	现代	48	1	0	1	1	100	
5	3年级下册5单元.txt	10	5	铅笔的彩虹梦	3	泛读	classical_chinese	精卫填海（节选）	山海经	先秦	26	1	1	1	1	100	
5	3年级下册5单元.txt	10	5	铅笔的彩虹梦	4	精读	daily_accumulation	日积月累			79	0	0	1	1	100	
5	3年级下册5单元.txt	10	6	奇妙想象大爆发	1	精读	textbook_review	奇妙的想象（习作导引）	三年级下册教材	现代	52	1	0	1	1	100	
5	3年级下册5单元.txt	10	6	奇妙想象大爆发	2	泛读	modern_prose	萤火虫	严文井	现代	48	1	0	1	1	100	
5	3年级下册5单元.txt	10	6	奇妙想象大爆发	3	泛读	ancient_poem	江南	汉乐府	汉	42	1	1	1	1	100	
5	3年级下册5单元.txt	10	6	奇妙想象大爆发	4	精读	daily_accumulation	日积月累			72	0	0	1	1	100	
6	3年级下册6单元.txt	11	1	多彩的童年	1	精读	textbook_review	童年的水墨画（节选，溪边）	张继楼	现代	67	1	1	1	1	100	
6	3年级下册6单元.txt	11	1	多彩的童年	2	泛读	modern_prose	夏天的昆虫（节选）	汪曾祺	现代	99	1	1	1	1	100	
6	3年级下册6单元.txt	11	1	多彩的童年	3	泛读	ancient_poem	村晚	雷震	宋	32	1	1	1	1	100	
6	3年级下册6单元.txt	11	1	多彩的童年	4	精读	daily_accumulation	日积月累			143	0	0	1	1	100	
6	3年级下册6单元.txt	11	2	调皮的小男孩	1	精读	textbook_review	剃头大师（选段）	秦文君	现代	101	1	1	1	1	100	
6	3年级下册6单元.txt	11	2	调皮的小男孩	2	泛读	story_legend	小兵张嘎（选段）	徐光耀	现代	76	1	1	1	1	100	
6	3年级下册6单元.txt	11	2	调皮的小男孩	3	泛读	classics	弟子规（节选，起居）	李毓秀	清	32	1	1	1	1	92	内容偏短
6	3年级下册6单元.txt	11	2	调皮的小男孩	4	精读	daily_accumulation	日积月累			114	0	0	1	1	100	
6	3年级下册6单元.txt	11	3	彩色的泡泡梦	1	精读	modern_prose	寄小读者（节选）	冰心	现代	86	1	1	1	1	100	
6	3年级下册6单元.txt	11	3	彩色的泡泡梦	2	泛读	children_poem	肥皂泡（童诗版）	金子美铃	现代	58	1	1	1	1	100	
6	3年级下册6单元.txt	11	3	彩色的泡泡梦	3	泛读	classical_chinese	司马光	毕仲洵	宋	37	1	1	1	1	95	疑似重复(2)
6	3年级下册6单元.txt	11	3	彩色的泡泡梦	4	精读	daily_accumulation	日积月累			94	0	0	1	1	94	答案过短
6	3年级下册6单元.txt	11	4	快乐的游戏时光	1	精读	textbook_review	肥皂泡（选段）	冰心	现代	93	1	1	1	1	100	
6	3年级下册6单元.txt	11	4	快乐的游戏时光	2	泛读	modern_prose	寄小读者（选段二）	冰心	现代	62	1	1	1	1	100	
6	3年级下册6单元.txt	11	4	快乐的游戏时光	3	泛读	story_legend	伊索寓言（蚊子与狮子）	伊索	古希腊	87	1	1	1	1	100	
6	3年级下册6单元.txt	11	4	快乐的游戏时光	4	精读	daily_accumulation	日积月累			102	0	0	1	1	100	
6	3年级下册6单元.txt	11	5	做一个守信的人	1	精读	textbook_review	我不能失信（选段）	课文编写组	现代	107	1	1	1	1	100	
6	3年级下册6单元.txt	11	5	做一个守信的人	2	泛读	ancient_poem	小儿垂钓	胡令能	唐	32	1	1	1	1	100	
6	3年级下册6单元.txt	11	5	做一个守信的人	3	泛读	classics	弟子规（节选，诚信）	李毓秀	清	32	1	1	1	1	92	内容偏短
6	3年级下册6单元.txt	11	5	做一个守信的人	4	精读	daily_accumulation	日积月累			85	0	0	1	1	100	
6	3年级下册6单元.txt	11	6	动物邻居真有趣	1	精读	modern_prose	猫（节选）	老舍	现代	88	1	1	1	1	100	
6	3年级下册6单元.txt	11	6	动物邻居真有趣	2	泛读	story_legend	小兔子乖乖	民间故事	现代	88	1	1	1	1	100	
6	3年级下册6单元.txt	11	6	动物邻居真有趣	3	泛读	children_poem	小童谣（小青蛙）	金波	现代	40	1	1	1	1	92	内容偏短
6	3年级下册6单元.txt	11	6	动物邻居真有趣	4	精读	daily_accumulation	日积月累			80	0	0	1	1	100	
6	3年级下册6单元.txt	12	1	身边的特点人物	1	精读	textbook_review	剃头大师（选段二）	秦文君	现代	85	1	1	1	1	100	
6	3年级下册6单元.txt	12	1	身边的特点人物	2	泛读	modern_prose	我的老师（选段）	魏巍	现代	60	1	1	1	1	100	
6	3年级下册6单元.txt	12	1	身边的特点人物	3	泛读	classical_chinese	孔融让梨	范晔	刘宋	24	1	1	1	1	100	
6	3年级下册6单元.txt	12	1	身边的特点人物	4	精读	daily_accumulation	日积月累			146	0	0	1	1	100	
6	3年级下册6单元.txt	12	2	动物的智慧	1	精读	textbook_review	肥皂泡（描写光影）	冰心	现代	66	1	1	1	1	100	
6	3年级下册6单元.txt	12	2	动物的智慧	2	泛读	story_legend	聪明的乌鸦	伊索	古希腊	66	1	1	1	1	100	
6	3年级下册6单元.txt	12	2	动物的智慧	3	泛读	ancient_poem	所见	袁枚	清	24	1	1	1	1	100	
6	3年级下册6单元.txt	12	2	动物的智慧	4	精读	daily_accumulation	日积月累			104	0	0	1	1	100	
6	3年级下册6单元.txt	12	3	童年的色彩	1	精读	textbook_review	童年的水墨画（江上）	张继楼	现代	47	1	1	1	1	100	
6	3年级下册6单元.txt	12	3	童年的色彩	2	泛读	modern_prose	花开的声音	金波	现代	58	1	1	1	1	100	
6	3年级下册6单元.txt	12	3	童年的色彩	3	泛读	classics	弟子规（节选，整洁）	李毓秀	清	32	1	1	1	1	92	内容偏短
6	3年级下册6单元.txt	12	3	童年的色彩	4	精读	daily_accumulation	日积月累			127	0	0	1	1	100	
6	3年级下册6单元.txt	12	4	大自然的童话	1	精读	modern_prose	秋天的雨（选段）	陶金鸿	现代	78	1	1	1	1	100	
6	3年级下册6单元.txt	12	4	大自然的童话	2	泛读	story_legend	北风与太阳	伊索	古希腊	66	1	1	1	1	100	
6	3年级下册6单元.txt	12	4	大自然的童话	3	泛读	children_poem	风	叶圣陶	现代	37	1	1	1	1	92	内容偏短
6	3年级下册6单元.txt	12	4	大自然的童话	4	精读	daily_accumulation	日积月累			121	0	0	1	1	100	
6	3年级下册6单元.txt	12	5	美好的品质	1	精读	textbook_review	我不能失信（描写宋庆龄）	课文编写组	现代	57	1	1	1	1	100	
6	3年级下册6单元.txt	12	5	美好的品质	2	泛读	modern_prose	诚实的孩子	课文编写组	现代	77	1	1	1	1	100	
6	3年级下册6单元.txt	12	5	美好的品质	3	泛读	classical_chinese	两小儿辩日（节选）	列御寇	战国	44	1	1	1	1	100	
6	3年级下册6单元.txt	12	5	美好的品质	4	精读	daily_accumulation	日积月累			67	0	0	1	1	100	
6	3年级下册6单元.txt	12	6	快乐过冬	1	精读	textbook_review	童年的水墨画（林中）	张继楼	现代	43	1	1	1	1	92	内容偏短
6	3年级下册6单元.txt	12	6	快乐过冬	2	泛读	modern_prose	冬天的小路	严文井	现代	62	1	1	1	1	100	
6	3年级下册6单元.txt	12	6	快乐过冬	3	泛读	ancient_poem	江雪	柳宗元	唐	24	1	1	1	1	100	
6	3年级下册6单元.txt	12	6	快乐过冬	4	精读	daily_accumulation	日积月累			64	0	0	1	1	100	
7	3年级下册7单元.txt	13	1	奇妙的大自然	1	精读	textbook_review	我们奇妙的世界（选段）	彼得·沃尔本	现代	73	1	1	1	1	100	
7	3年级下册7单元.txt	13	1	奇妙的大自然	2	泛读	modern_prose	花钟（选段）	根据教材整理	现代	45	1	1	1	1	100	
7	3年级下册7单元.txt	13	1	奇妙的大自然	3	泛读	ancient_poem	早发白帝城	李白	唐	32	1	1	1	1	100	
7	3年级下册7单元.txt	13	1	奇妙的大自然	4	精读	daily_accumulation	日积月累			103	0	0	1	1	100	
7	3年级下册7单元.txt	13	2	神奇的秘密花园	1	精读	textbook_review	我们奇妙的世界（选段二）	彼得·沃尔本	现代	70	1	1	1	1	100	
7	3年级下册7单元.txt	13	2	神奇的秘密花园	2	泛读	story_legend	小水滴的旅行	严文井	现代	50	1	1	1	1	100	
7	3年级下册7单元.txt	13	2	神奇的秘密花园	3	泛读	classic_recitation	弟子规（节选）	李毓秀	清	16	1	1	1	1	95	疑似重复(2)
7	3年级下册7单元.txt	13	2	神奇的秘密花园	4	精读	daily_accumulation	日积月累			77	0	0	1	1	100	
7	3年级下册7单元.txt	13	3	寻找春天的声音	1	精读	modern_prose	寄小读者（节选）	冰心	现代	43	1	1	1	1	92	内容偏短
7	3年级下册7单元.txt	13	3	寻找春天的声音	2	泛读	children_poem	风的孩子	金子美铃	现代	41	1	1	1	1	92	内容偏短
7	3年级下册7单元.txt	13	3	寻找春天的声音	3	泛读	classical_chinese	司马光	列传	宋	37	1	1	1	1	95	疑似重复(2)
7	3年级下册7单元.txt	13	3	寻找春天的声音	4	精读	daily_accumulation	日积月累			95	0	0	1	1	100	
7	3年级下册7单元.txt	13	4	深海探险队	1	精读	textbook_review	海底世界（选段）	根据教材整理	现代	80	1	1	1	1	100	
7	3年级下册7单元.txt	13	4	深海探险队	2	泛读	story_legend	海的女儿（节选）	安徒生	现代	39	1	1	1	1	92	内容偏短
7	3年级下册7单元.txt	13	4	深海探险队	3	泛读	modern_prose	小水滴写诗	金波	现代	40	1	1	1	1	92	内容偏短
7	3年级下册7单元.txt	13	4	深海探险队	4	精读	daily_accumulation	日积月累			90	0	0	1	1	100	
7	3年级下册7单元.txt	13	5	彩虹色的天空	1	精读	textbook_review	火烧云（选段）	萧红	现代	85	1	1	1	1	100	
7	3年级下册7单元.txt	13	5	彩虹色的天空	2	泛读	ancient_poem	咏柳	贺知章	唐	32	1	1	1	1	95	疑似重复(5)
7	3年级下册7单元.txt	13	5	彩虹色的天空	3	泛读	classic_recitation	弟子规（节选）	李毓秀	清	16	1	1	1	1	95	疑似重复(3)
7	3年级下册7单元.txt	13	5	彩虹色的天空	4	精读	daily_accumulation	日积月累			79	0	0	1	1	100	
7	3年级下册7单元.txt	13	6	大自然的魔术师	1	精读	textbook_review	火烧云（选段二）	萧红	现代	78	1	1	1	1	100	
7	3年级下册7单元.txt	13	6	大自然的魔术师	2	泛读	story_legend	乌鸦喝水	伊索	古希腊	57	1	1	1	1	100	
7	3年级下册7单元.txt	13	6	大自然的魔术师	3	泛读	children_poem	花儿在学校	泰戈尔	现代	39	1	1	1	1	92	内容偏短
7	3年级下册7单元.txt	13	6	大自然的魔术师	4	精读	daily_accumulation	日积月累			69	0	0	1	1	100	
7	3年级下册7单元.txt	14	1	奇妙的色彩之旅	1	精读	textbook_review	我们奇妙的世界（选段三）	彼得·沃尔本	现代	63	1	1	1	1	100	
7	3年级下册7单元.txt	14	1	奇妙的色彩之旅	2	泛读	classical_chinese	孔融让梨	后汉书	南朝	32	1	1	1	1	100	
7	3年级下册7单元.txt	14	1	奇妙的色彩之旅	3	泛读	ancient_poem	梅花	王安石	宋	24	1	1	1	1	100	
7	3年级下册7单元.txt	14	1	奇妙的色彩之旅	4	精读	daily_accumulation	日积月累			109	0	0	1	1	100	
7	3年级下册7单元.txt	14	2	海底的悄悄话	1	精读	textbook_review	海底世界（选段二）	根据教材整理	现代	55	1	1	1	1	100	
7	3年级下册7单元.txt	14	2	海底的悄悄话	2	泛读	story_legend	鹿角和鹿腿	伊索	古希腊	56	1	1	1	1	100	
7	3年级下册7单元.txt	14	2	海底的悄悄话	3	泛读	ancient_poem	绝句	杜甫	唐	24	1	1	1	1	95	疑似重复(3)
7	3年级下册7单元.txt	14	2	海底的悄悄话	4	精读	daily_accumulation	日积月累			60	0	0	1	1	100	
7	3年级下册7单元.txt	14	3	云朵变魔术	1	精读	textbook_review	火烧云（选段三）	萧红	现代	59	1	1	1	1	100	
7	3年级下册7单元.txt	14	3	云朵变魔术	2	泛读	classic_recitation	弟子规（节选）	李毓秀	清	16	1	1	1	1	95	疑似重复(2)
7	3年级下册7单元.txt	14	3	云朵变魔术	3	泛读	ancient_poem	望庐山瀑布	李白	唐	32	1	1	1	1	100	
7	3年级下册7单元.txt	14	3	云朵变魔术	4	精读	daily_accumulation	日积月累			118	0	0	1	1	100	
7	3年级下册7单元.txt	14	4	神奇的自然景观	1	精读	modern_prose	我们奇妙的世界（选段四）	彼得·沃尔本	现代	54	1	1	1	1	100	
7	3年级下册7单元.txt	14	4	神奇的自然景观	2	泛读	story_legend	小蝌蚪找妈妈	方惠珍	现代	42	1	1	1	1	92	内容偏短
7	3年级下册7单元.txt	14	4	神奇的自然景观	3	泛读	ancient_poem	小池	杨万里	宋	32	1	1	1	1	95	疑似重复(4)
7	3年级下册7单元.txt	14	4	神奇的自然景观	4	精读	daily_accumulation	日积月累			113	0	0	1	1	100	
7	3年级下册7单元.txt	14	5	海底的宝藏	1	精读	textbook_review	海底世界（选段三）	根据教材整理	现代	52	1	1	1	1	100	
7	3年级下册7单元.txt	14	5	海底的宝藏	2	泛读	children_poem	小水滴和大海	金子美铃	现代	36	1	1	1	1	92	内容偏短
7	3年级下册7单元.txt	14	5	海底的宝藏	3	泛读	classical_chinese	刻舟求剑	吕不韦	秦	54	1	1	1	1	100	
7	3年级下册7单元.txt	14	5	海底的宝藏	4	精读	daily_accumulation	日积月累			79	0	0	1	1	100	
7	3年级下册7单元.txt	14	6	国宝大熊猫	1	精读	textbook_review	国宝大熊猫（习作参考）	根据教材整理	现代	49	1	1	1	1	100	
7	3年级下册7单元.txt	14	6	国宝大熊猫	2	泛读	modern_prose	金色的草地（选段）	普里什文	现代	52	1	1	1	1	100	
7	3年级下册7单元.txt	14	6	国宝大熊猫	3	泛读	ancient_poem	村居	高鼎	清	32	1	1	1	1	100	
7	3年级下册7单元.txt	14	6	国宝大熊猫	4	精读	daily_accumulation	日积月累			79	0	0	1	1	100	
8	3年级下册8单元.txt	15	1	慢条斯理的秘密	1	精读	textbook_review	慢性子裁缝和急性子顾客（节选）	周锐	现代	79	1	0	1	1	100	
8	3年级下册8单元.txt	15	1	慢条斯理的秘密	2	泛读	modern_prose	花儿开放的声音（节选）	金波	现代	59	1	0	1	1	100	
8	3年级下册8单元.txt	15	1	慢条斯理的秘密	3	泛读	ancient_poem	咏柳	贺知章	唐	32	1	1	1	1	95	疑似重复(5)
8	3年级下册8单元.txt	15	1	慢条斯理的秘密	4	精读	daily_accumulation	日积月累			152	0	0	1	1	100	
8	3年级下册8单元.txt	15	2	方帽子的烦恼	1	精读	textbook_review	方帽子店（节选）	施雁冰	现代	64	1	0	1	1	100	
8	3年级下册8单元.txt	15	2	方帽子的烦恼	2	泛读	story_legend	皇帝的新装（节选）	安徒生	丹麦	72	1	0	1	1	100	
8	3年级下册8单元.txt	15	2	方帽子的烦恼	3	泛读	classics	弟子规（节选）	李毓秀	清	16	1	1	1	1	80	内容过短;疑似重复(2)
8	3年级下册8单元.txt	15	2	方帽子的烦恼	4	精读	daily_accumulation	日积月累			108	0	0	1	1	100	
8	3年级下册8单元.txt	15	3	奇妙的夜晚	1	精读	modern_prose	繁星（节选）	冰心	现代	58	1	0	1	1	100	
8	3年级下册8单元.txt	15	3	奇妙的夜晚	2	泛读	children_poem	云朵的魔术（自编童诗）	佚名	现代	49	1	0	1	1	100	
8	3年级下册8单元.txt	15	3	奇妙的夜晚	3	泛读	classical_chinese	精卫填海	司马迁（编）	先秦	31	1	1	1	1	100	
8	3年级下册8单元.txt	15	3	奇妙的夜晚	4	精读	daily_accumulation	日积月累			94	0	0	1	1	100	
8	3年级下册8单元.txt	15	4	老虎和漏	1	精读	textbook_review	漏（节选一）	根据民间故事改编	现代	66	1	0	1	1	100	
8	3年级下册8单元.txt	15	4	老虎和漏	2	泛读	modern_prose	寄小读者（节选）	冰心	现代	59	1	0	1	1	100	
8	3年级下册8单元.txt	15	4	老虎和漏	3	泛读	story_legend	狐狸和乌鸦（节选）	伊索	古希腊	50	1	0	1	1	100	
8	3年级下册8单元.txt	15	4	老虎和漏	4	精读	daily_accumulation	日积月累			95	0	0	1	1	100	
8	3年级下册8单元.txt	15	5	小小枣核志气大	1	精读	textbook_review	枣核（节选）	根据民间故事改编	现代	66	1	0	1	1	100	
8	3年级下册8单元.txt	15	5	小小枣核志气大	2	泛读	ancient_poem	小池	杨万里	宋	32	1	1	1	1	95	疑似重复(4)
8	3年级下册8单元.txt	15	5	小小枣核志气大	3	泛读	classics	弟子规（节选）	李毓秀	清	16	1	1	1	1	80	内容过短;疑似重复(3)
8	3年级下册8单元.txt	15	5	小小枣核志气大	4	精读	daily_accumulation	日积月累			100	0	0	1	1	100	
8	3年级下册8单元.txt	15	6	快乐童年梦	1	精读	modern_prose	吹泡泡（节选）	冰心	现代	68	1	0	1	1	100	
8	3年级下册8单元.txt	15	6	快乐童年梦	2	泛读	story_legend	神笔马良（节选）	洪汛涛	现代	74	1	0	1	1	100	
8	3年级下册8单元.txt	15	6	快乐童年梦	3	泛读	children_poem	金子美铃童诗（节选）	金子美铃	现代	46	1	0	1	1	100	
8	3年级下册8单元.txt	15	6	快乐童年梦	4	精读	daily_accumulation	日积月累			81	0	0	1	1	100	
8	3年级下册8单元.txt	16	1	慢条斯理的艺术	1	精读	textbook_review	慢性子裁缝和急性子顾客（节选二）	周锐	现代	66	1	0	1	1	100	
8	3年级下册8单元.txt	16	1	慢条斯理的艺术	2	泛读	modern_prose	大地的衣裳（节选）	张天翼	现代	74	1	0	1	1	100	
8	3年级下册8单元.txt	16	1	慢条斯理的艺术	3	泛读	classical_chinese	守株待兔	韩非子	先秦	34	1	1	1	1	100	
8	3年级下册8单元.txt	16	1	慢条斯理的艺术	4	精读	daily_accumulation	日积月累			146	0	0	1	1	100	
8	3年级下册8单元.txt	16	2	圆帽子的胜利	1	精读	textbook_review	方帽子店（结局）	施雁冰	现代	60	1	0	1	1	100	
8	3年级下册8单元.txt	16	2	圆帽子的胜利	2	泛读	story_legend	龟兔赛跑（新编）	根据伊索寓言改编	现代	58	1	0	1	1	100	
8	3年级下册8单元.txt	16	2	圆帽子的胜利	3	泛读	ancient_poem	江畔独步寻花	杜甫	唐	32	1	1	1	1	100	
8	3年级下册8单元.txt	16	2	圆帽子的胜利	4	精读	daily_accumulation	日积月累			98	0	0	1	1	100	
8	3年级下册8单元.txt	16	3	森林里的趣事	1	精读	textbook_review	漏（节选二）	根据民间故事改编	现代	71	1	0	1	1	100	
8	3年级下册8单元.txt	16	3	森林里的趣事	2	泛读	modern_prose	松鼠（节选）	布封	法国	66	1	0	1	1	100	
8	3年级下册8单元.txt	16	3	森林里的趣事	3	泛读	classics	弟子规（节选）	李毓秀	清	16	1	1	1	1	80	内容过短;疑似重复(2)
8	3年级下册8单元.txt	16	3	森林里的趣事	4	精读	daily_accumulation	日积月累			132	0	0	1	1	100	
8	3年级下册8单元.txt	16	4	奇妙的变变变	1	精读	modern_prose	如果我是一片云（自编美文）	金波	现代	61	1	0	1	1	100	
8	3年级下册8单元.txt	16	4	奇妙的变变变	2	泛读	story_legend	枣核的故事（节选）	根据民间故事改编	现代	57	1	0	1	1	100	
8	3年级下册8单元.txt	16	4	奇妙的变变变	3	泛读	children_poem	云的衣裳（童诗）	泰戈尔	印度	48	1	0	1	1	100	
8	3年级下册8单元.txt	16	4	奇妙的变变变	4	精读	daily_accumulation	日积月累			118	0	0	1	1	100	
8	3年级下册8单元.txt	16	5	小古文里的智慧	1	精读	textbook_review	枣核（描写片段）	根据民间故事改编	现代	55	1	0	1	1	100	
8	3年级下册8单元.txt	16	5	小古文里的智慧	2	泛读	modern_prose	我和大自然（节选）	严文井	现代	60	1	0	1	1	100	
8	3年级下册8单元.txt	16	5	小古文里的智慧	3	泛读	classical_chinese	司马光（选段）	根据宋史记载	宋	37	1	1	1	1	100	
8	3年级下册8单元.txt	16	5	小古文里的智慧	4	精读	daily_accumulation	日积月累			92	0	0	1	1	100	
8	3年级下册8单元.txt	16	6	故事大王赛	1	精读	textbook_review	趣味故事会（节选）	教育部编写组	现代	67	1	0	1	1	100	
8	3年级下册8单元.txt	16	6	故事大王赛	2	泛读	modern_prose	小草的话（节选）	金波	现代	58	1	0	1	1	100	
8	3年级下册8单元.txt	16	6	故事大王赛	3	泛读	ancient_poem	采莲曲	王昌龄	唐	32	1	1	1	1	100	
8	3年级下册8单元.txt	16	6	故事大王赛	4	精读	daily_accumulation	日积月累			79	0	0	1	1	100	
